ORGID,x,y,k
D017389,116.284003,39.836642,1
D017391,116.41093,40.075749,4
D017396,116.423308,39.854384,8
D017423,116.435735,39.964553,4
D017441,116.325295,39.944718,6
D017508,116.41093,40.075749,4
D017558,116.349927,40.040946,6
D017564,116.390842,39.870639,0
D017565,116.196039,39.930897,3
D017596,116.222325,40.220067,10
D017629,116.591087,39.893978,2
D036256,116.51506,39.860813,2
D036271,116.476434,39.912083,7
D036446,116.206882,39.980518,5
D036456,116.206882,39.980518,5
D036458,116.367551,39.941209,11
D036464,116.361398,39.852334,9
D036470,116.333656,39.983228,6
D036487,116.206882,39.980518,5
D036515,116.447588,39.905722,8
D036520,116.367551,39.941209,11
D036527,116.496271,39.930188,13
D036530,116.12094,39.851542,3
D036541,116.472164,39.910106,7
D036572,116.293632,39.866507,1
D036573,116.47638,39.893689,7
D036587,116.37286,39.93181,11
D036596,116.206882,39.980518,5
D036635,116.478958,39.928654,13
D036644,116.467554,39.871642,7
D036699,116.37286,39.93181,11
D036716,116.280257,39.953039,1
D036718,116.437798,39.886174,8
D036721,116.336149,39.897891,9
D036726,116.295301,39.863208,1
D036738,116.558405,39.922246,2
D037473,116.642476,39.892579,2
D037633,116.37935,39.879009,0
D037635,116.372617,39.938934,11
D037636,116.345148,39.973996,6
D037653,116.367625,39.977454,12
D037669,116.426207,39.905554,8
D037680,116.366202,39.939669,11
D037683,116.359411,39.888969,0
D037691,116.28286,39.900462,1
D037699,116.428467,39.933153,8
D037702,116.317793,39.974104,6
D037741,116.324197,39.983496,6
D037750,116.467554,39.871642,7
D037760,116.482974,39.997431,13
D037762,116.318058,39.851456,9
D037773,116.206882,39.980518,5
D037774,116.301393,39.909271,1
D037796,116.467554,39.871642,7
D037826,116.668945,39.906952,14
D037871,116.408706,39.946187,12
D037877,116.336149,39.897891,9
D037881,116.206882,39.980518,5
D037884,116.366202,39.939669,11
D040885,116.246361,39.90325,5
D040896,116.368057,39.993606,12
D040963,116.244599,40.226576,10
D040993,116.206882,39.980518,5
D041008,116.206882,39.980518,5
D041014,116.367551,39.941209,11
D041028,116.367551,39.941209,11
D041035,116.367551,39.941209,11
D041055,116.317257,39.983355,6
D041060,116.238215,40.230056,10
D041073,116.206882,39.980518,5
D041084,116.367551,39.941209,11
D041091,116.367551,39.941209,11
D041093,116.206882,39.980518,5
D041098,116.327847,39.931529,1
D041102,116.206882,39.980518,5
D041114,116.344513,39.919276,11
D041135,116.433958,39.867377,8
D041140,116.344513,39.919276,11
D041171,116.349273,39.901877,9
D041177,116.425938,39.943062,8
D041190,116.468942,39.985388,13
D041193,116.430704,39.897679,8
D041201,116.485661,39.899877,7
D041208,116.37286,39.93181,11
D041215,116.367551,39.941209,11
D041244,116.451086,39.87424,7
D041247,116.367551,39.941209,11
D041250,116.356762,39.845502,9
D041271,116.367551,39.941209,11
D041277,116.189388,39.911149,3
D041285,116.249857,39.929769,5
D041294,116.351891,40.029442,6
D041310,116.206882,39.980518,5
D041316,116.206882,39.980518,5
D046933,116.68107,39.865632,14
D046977,116.06272,39.714887,3
D047089,116.401488,39.807609,0
D047168,116.206882,39.980518,5
D047171,116.062822,39.711716,3
D049623,116.340704,39.954635,6
D049627,116.425951,39.952589,8
D049633,116.292998,39.942394,1
D049661,116.335631,39.743238,9
D070216,116.383289,39.90374,0
D070219,116.39614,39.93417,12
D070225,116.206882,39.980518,5
D070226,116.206882,39.980518,5
D070232,116.399812,39.865422,0
D070275,116.367551,39.941209,11
D070296,116.461266,39.932346,7
D070358,116.327889,40.029414,6
D070367,116.333905,39.724884,9
D070368,116.315077,39.932752,1
D070374,116.298739,39.922409,1
D070382,116.343116,39.989218,6
D070424,116.302614,39.934586,1
D070443,116.454784,39.925827,8
D070473,116.287298,39.9669,1
D070495,116.350203,39.932769,11
D070506,116.377835,39.845198,0
D070523,116.312466,40.032344,6
D070530,116.071905,39.646961,3
D070551,116.284466,40.00728,10
D070608,116.331524,39.980932,6
D070622,116.457393,39.988501,4
D070656,116.410566,39.926514,0
D070682,116.286935,39.866105,1
D070688,116.393999,39.884452,0
D070691,116.47808,39.897898,7
D071199,116.306649,39.980459,1
D071220,116.409571,40.047801,4
D071225,116.33904,39.744541,9
D071257,116.336568,39.893244,9
D071279,116.316464,39.850605,9
D071282,116.286152,39.842392,1
D071292,116.36685,39.945617,11
D071331,116.338402,39.750917,9
D071422,116.37342,40.01741,12
D071424,116.49989,39.932058,13
D072257,116.364623,39.844655,9
D075596,116.468926,40.079188,4
D075720,117.122521,40.145246,14
D075728,116.377399,39.894921,0
D075754,116.386678,40.08628,12
D075760,116.395979,39.886241,0
D081920,116.221766,40.221402,10
D081930,116.270745,39.894124,1
D081933,116.308783,39.975517,6
D081944,116.275373,39.871217,1
D081948,116.415544,39.900439,8
D084398,116.47126,39.911389,7
D084408,116.394566,39.85664,0
D087160,116.62956,39.905211,2
D089085,116.498497,39.934873,13
D089089,116.303218,39.971099,1
D089106,116.191393,39.932677,3
D089117,116.465229,39.886148,7
D089119,116.484968,39.924743,13
D089132,116.421759,40.060239,4
D089141,116.308722,40.036271,10
D089161,116.638513,39.887897,2
D100151,116.406606,39.998936,12
D103319,116.196861,39.808528,3
D103321,116.372307,39.861336,0
D103391,116.128459,39.938514,3
D103418,116.324297,39.875887,9
D103420,116.338137,39.82695,9
D103515,116.375113,40.085046,12
D103560,116.517707,39.920927,13
D103980,116.344708,39.915942,11
D105041,116.36144,39.877735,0
D105042,116.373819,39.882189,0
D106298,116.319262,39.963677,6
D106768,116.576933,39.894911,2
D107001,116.30615,39.836974,9
D107006,116.347785,40.014983,6
D107785,116.420289,39.788473,0
D144117,116.530647,39.843046,2
D144121,116.48589,39.877969,7
D144131,116.602019,39.948631,2
D144134,116.557318,39.758592,2
D144136,116.71722,40.040449,14
D144184,116.366202,39.939669,11
D145145,116.460861,39.889918,7
D145685,116.538175,39.859358,2
D145687,116.463874,40.013005,13
D145688,116.42259,39.999073,4
D145690,116.396276,39.895864,0
D146567,116.359681,39.932165,11
D147034,116.65901,40.280457,14
D147039,116.426698,39.919792,8
D147048,116.46845,39.880288,7
D147830,116.601144,39.948573,2
D147850,116.42909,39.856879,8
D147868,116.297229,40.147756,10
D147874,116.487659,39.860408,7
D147875,116.459563,39.866226,7
D150219,116.291375,39.849582,1
D150233,116.325063,39.878624,9
D152222,116.663186,40.134867,14
D152754,116.481491,39.900089,7
D153215,116.598628,39.953476,2
D153220,116.5284,39.919389,2
D162909,116.310604,39.884676,1
D162912,116.362099,39.926518,11
D162917,116.300991,39.988342,1
D162919,116.304151,39.96093,1
D169577,116.352637,39.899313,11
D169578,116.286134,39.957329,1
D169587,116.388811,39.893687,0
D170183,116.410152,39.940608,12
D170184,116.389306,39.943159,12
D170395,116.501694,39.926674,13
D170396,116.452376,39.870908,7
D171584,116.426847,40.001898,4
D171670,116.320875,39.969617,6
D171685,116.342177,39.947801,6
D171696,116.379378,39.937699,12
D172859,116.593264,39.91678,2
D172868,116.242456,39.929409,5
D172871,116.209103,39.838456,3
D172872,116.408362,40.008052,12
D172874,116.408362,40.008052,12
D174810,116.645525,40.118961,14
D180889,116.454994,39.913255,7
D184197,116.41642,40.050989,4
D184211,116.278056,39.966517,1
D184217,116.401363,39.841275,0
D184223,116.523699,39.924081,2
D184224,116.482148,39.920285,7
D184507,116.381269,39.904059,0
D184514,116.721386,39.850311,14
D197525,116.470417,39.83061,7
D198510,116.521511,39.937476,13
D200895,116.488777,39.805183,7
D200908,116.225259,39.906334,5
D200911,116.256795,39.886674,5
D200951,116.470557,39.932756,13
D201012,116.510952,39.860703,2
D201040,116.658985,40.212631,14
D201053,116.814785,40.149628,14
D201065,116.347734,39.761862,9
D201099,116.329788,40.078537,10
D201158,116.4769,39.950105,13
D201172,116.325215,39.772953,9
D201203,116.478029,39.844263,7
D201263,116.227109,40.218806,10
D201299,116.608585,40.134143,14
D201319,116.125848,40.184533,10
D201330,116.347733,39.961794,11
D201332,116.217064,39.766231,3
D201335,116.300327,40.15402,10
D201360,116.2511,39.875548,5
D201419,116.245118,39.889388,5
D201465,116.728978,39.915849,14
D201467,116.470231,39.99193,13
D201472,116.267339,40.124139,10
D201484,116.206882,39.980518,5
D201530,116.3054,39.983705,1
D201544,116.519358,39.949967,13
D201684,116.406414,39.864971,0
D201715,116.341272,40.035964,6
D201745,116.214415,39.906104,3
D201780,116.131929,39.734226,3
D201783,116.333494,39.737619,9
D201881,116.354266,39.946633,11
D201918,116.4686,39.893687,7
D201955,116.529792,39.67551,2
D202032,116.254064,40.221192,10
D202050,116.49284,39.975659,13
D202124,116.177073,39.821139,3
D202241,116.538296,39.935107,2
D202299,116.35793,40.085596,12
D202338,116.346549,39.935061,11
D202342,116.295311,39.909866,1
D202344,116.425126,39.85673,8
D202378,116.432471,39.894317,8
D202384,116.478029,39.844263,7
D202424,116.320137,39.98104,6
D202515,116.455024,39.992822,4
D202662,116.339295,39.923522,11
D202682,116.55567,40.010081,2
D202769,116.403187,39.951364,12
D202875,116.228273,39.952281,5
D202909,116.796937,39.77915,14
D202933,116.375462,40.004543,12
D202962,116.563225,39.974747,2
D203142,116.339758,39.870317,9
D203411,116.415658,40.006719,4
D203611,116.464756,39.884083,7
D203761,116.371417,40.000446,12
D203779,116.498474,39.955644,13
D264190,116.468086,39.948091,13
D264435,116.312924,39.763744,9
D267152,116.354434,39.956973,11
D267226,116.398772,39.974246,12
D267249,116.47762,39.917238,7
D267291,116.47126,39.911389,7
D267309,116.422162,39.807039,0
D267645,116.432145,39.958829,4
D267663,116.374183,39.997878,12
D268090,116.682159,40.664071,14
D268571,116.401294,39.877773,0
D273770,116.471862,39.90954,7
D274733,116.2868,39.94941,1
D274751,116.29282,39.946298,1
D274752,116.341116,39.966729,6
D274753,116.47863,39.909535,7
D274755,116.263823,39.927176,5
D274763,116.39795,39.855441,0
D274764,116.3371,40.072002,6
D276730,116.468902,39.913709,7
D276734,116.327684,39.951606,6
D276736,116.317344,39.949254,1
D276743,116.463824,40.013027,13
D276749,116.316143,39.939119,1
D276750,116.352556,39.994347,12
D276755,116.203846,39.922477,3
D276756,116.338158,39.975669,6
D278269,116.197144,39.915918,3
D278280,116.522138,39.821895,2
D278281,116.496816,39.806756,7
D279534,116.409205,40.056027,4
D280079,116.356858,40.01498,12
D280080,116.201606,39.908319,3
D280880,116.552813,39.911141,2
D282022,116.630826,40.330902,14
D282026,116.103253,39.93818,3
D282027,116.415253,39.999195,4
D282028,116.331632,39.731966,9
D282034,116.636563,39.903741,2
D282036,116.422484,40.04414,4
D282037,116.253951,39.93174,5
D282116,116.163268,39.760689,3
D303584,116.349127,40.085068,6
D303607,116.147411,40.230226,10
D303632,116.323579,39.992772,6
D337548,116.494979,39.804671,7
D337564,116.206882,39.980518,5
D337566,116.470324,39.94539,13
D337569,116.464884,39.92899,7
D337575,116.37475,40.095822,12
D337578,116.521125,39.920309,13
D337588,116.245533,40.200136,10
D337589,116.475818,39.826622,7
D337596,116.205577,40.126111,10
D337603,116.356718,40.065251,12
D337606,116.404268,39.96225,12
D337608,116.259473,39.927436,5
D337618,116.547948,39.951237,2
D337619,116.385414,39.844721,0
D337627,116.453187,39.855816,7
D337649,116.461313,39.978897,13
D337676,116.303297,39.968569,1
D337679,116.206882,39.980518,5
D337680,116.437914,39.982547,4
D337710,116.467346,39.989519,13
D337721,116.467346,39.989519,13
D340325,116.101575,39.884851,3
D340341,116.308312,39.864268,9
D344116,116.136321,39.732284,3
D344131,116.577014,40.002279,2
D344145,116.328111,40.045991,6
D344146,116.538928,40.089066,13
D344155,116.115626,39.934558,3
D346231,116.35854,40.116007,10
D347582,116.297319,39.888588,1
D348438,116.60015,39.925349,2
D348444,116.334383,39.995077,6
D354939,116.299314,39.814135,9
D354952,116.259367,39.922881,5
D354962,116.238289,40.229923,10
D354964,116.376009,39.8683,0
D355123,116.468002,39.983455,13
D355124,116.439317,39.927203,8
D355127,116.647965,40.124814,14
D355128,116.169064,39.72243,3
D355140,116.123221,39.72382,3
D355598,116.433224,39.898797,8
D356796,116.501933,39.925281,13
D356945,116.074765,39.712142,3
D357000,116.333905,39.724884,9
D357359,117.094211,40.146274,14
D357461,116.534015,40.24808,13
D357524,116.463824,40.013027,4
D357668,116.347394,40.006937,6
DM0011314,116.160744,39.756688,3
DM0011616,116.412233,39.909874,0
DM0390394,116.566435,39.923701,2
DM0398811,116.575607,39.958954,2
DM0398812,116.295751,39.822299,9
DM0440524,116.318591,39.972078,6
DM0470233,116.516381,39.913747,13
DM0470235,116.649342,40.186415,14
DM0470240,116.463824,40.013027,13
DM0470241,116.463824,40.013027,4
DM0470243,116.370139,40.037308,12
DM0470251,116.233797,40.221339,10
DM0470256,116.377146,39.997434,12
DM0470258,116.473928,40.000862,13
DM0470260,116.651403,40.134834,14
DM0501594,116.420659,39.849377,8
DM0578062,116.416044,39.983521,4
W704279,116.355043,39.912364,11
W705485,116.418735,40.030821,4
W705513,116.208972,39.753262,3
W705529,116.230272,40.215285,10
W705551,116.110918,39.909411,3
W705554,116.305469,39.989481,6
W705561,116.452438,39.867591,7
W705580,116.642337,39.888076,2
W705582,116.124493,39.737407,3
W705609,116.11831,39.939035,3
W708688,116.304625,39.665082,9
W708796,116.58146,39.735842,2
W708797,116.255721,40.205927,10
C700538,116.263818,40.005518,10
D017394,116.235342,40.224244,10
D017403,116.364226,39.898317,0
D017406,116.292084,39.927352,1
D017429,116.399693,39.813824,0
D017450,116.477089,39.890695,7
D017514,116.214062,39.898211,3
D017534,116.468446,39.916568,7
D017547,116.424339,39.968006,4
D017576,116.398008,39.865008,0
D017582,116.425278,39.994461,4
D017586,116.651507,40.130814,14
D017595,116.265808,40.051,10
D017643,116.62897,39.890486,2
D036264,116.280257,39.953039,1
D036286,116.495698,39.87412,7
D036287,116.41226,39.970095,12
D036489,116.518597,40.002234,13
D036499,116.206882,39.980518,5
D036502,116.206882,39.980518,5
D036508,116.206882,39.980518,5
D036513,116.489386,39.987255,13
D036517,116.367551,39.941209,11
D036521,116.402885,39.991497,12
D036529,116.367551,39.941209,11
D036545,116.367551,39.941209,11
D036552,116.596663,39.853323,2
D036574,116.427199,39.912501,8
D036594,116.418745,40.037817,4
D036610,116.340929,39.913668,9
D036613,116.366202,39.939669,11
D036618,116.365868,39.912289,11
D036645,116.480112,39.890069,7
D036653,116.698589,39.718865,14
D036677,116.366202,39.939669,11
D036707,116.301554,39.857771,1
D036711,116.4448,39.943893,8
D036719,116.663389,39.908151,14
D036739,116.550802,39.911758,2
D037440,116.71722,40.040449,14
D037442,116.625609,39.90713,2
D037446,116.65131,40.11503,14
D037643,116.261056,39.917463,5
D037645,116.349489,39.973166,6
D037678,116.397214,39.940904,12
D037719,116.320821,39.898607,1
D037758,116.367551,39.941209,11
D037763,116.417478,39.921439,8
D037769,116.367551,39.941209,11
D037832,116.641146,39.89181,2
D037845,116.366202,39.939669,11
D037857,116.206882,39.980518,5
D037858,116.367551,39.941209,11
D037869,116.408427,39.935916,12
D037885,116.32468,40.000105,6
D037889,116.330045,39.876841,9
D037908,116.418157,39.919683,8
D037915,116.206882,39.980518,5
D040875,116.206882,39.980518,5
D040884,116.37286,39.93181,11
D040891,116.372866,39.940441,12
D040901,116.206882,39.980518,5
D040903,116.367551,39.941209,11
D040915,116.378221,39.969012,12
D040997,116.367551,39.941209,11
D040998,116.103455,40.003694,3
D041013,116.206882,39.980518,5
D041032,116.367551,39.941209,11
D041076,116.367551,39.941209,11
D041078,116.39189,39.865461,0
D041082,116.140636,40.136229,10
D041107,116.206882,39.980518,5
D041109,116.37286,39.93181,11
D041118,116.417829,39.959352,12
D041133,116.206882,39.980518,5
D041134,116.367551,39.941209,11
D041146,116.206882,39.980518,5
D041147,116.348768,39.914065,11
D041159,116.285605,39.859463,1
D041187,116.425772,40.044761,4
D041194,116.42777,39.892754,8
D041233,116.206882,39.980518,5
D041234,116.610573,39.891188,2
D041246,116.37286,39.93181,11
D041258,116.32493,39.951299,6
D041276,116.206882,39.980518,5
D041279,116.317101,39.884128,1
D041302,116.367551,39.941209,11
D041308,116.206882,39.980518,5
D041314,116.35534,39.918296,11
D046931,116.68107,39.865632,14
D046960,116.206882,39.980518,5
D046981,116.206882,39.980518,5
D047002,116.482281,39.990101,13
D047015,116.206882,39.980518,5
D047016,116.367551,39.941209,11
D047066,116.381269,39.904059,0
D047067,116.381269,39.904059,0
D047070,116.381269,39.904059,0
D047106,116.467554,39.871642,7
D047119,116.717677,39.85898,14
D049609,116.296544,39.872282,1
D049621,116.284226,39.923783,1
D049664,116.296214,39.878806,1
D070223,116.367551,39.941209,11
D070224,116.37286,39.93181,11
D070249,116.215921,39.908116,3
D070251,116.424671,39.995063,4
D070263,116.238215,40.230056,10
D070269,116.347009,40.086454,10
D070271,116.206882,39.980518,5
D070277,116.459953,39.893826,7
D070278,116.631773,39.905042,2
D070366,116.644633,39.907633,14
D070395,116.286482,40.018634,10
D070422,116.413908,39.840854,0
D070435,116.335233,39.960049,6
D070461,116.468968,39.943037,13
D070470,116.62719,40.0306,14
D070503,116.348646,40.034289,6
D070511,116.607109,39.886561,2
D070517,116.270681,39.881126,1
D070563,116.382499,39.982473,12
D070646,116.290917,40.023941,10
D070698,116.468206,39.893704,7
D071164,116.313896,40.026423,6
D071165,116.290351,39.923165,1
D071244,116.441067,39.807124,8
D075688,116.653764,39.914501,14
D075711,116.244864,40.206557,10
D075756,116.672539,39.886171,14
D081951,116.327407,39.973087,6
D081952,116.281147,39.893405,1
D084380,116.371664,39.954098,12
D084397,116.517005,39.932762,13
D084399,116.341682,40.007077,6
D084410,116.204222,39.943837,5
D087158,116.360232,39.976849,12
D089087,116.466878,40.012112,13
D089118,116.485066,39.884522,7
D089130,116.422564,40.07035,4
D089134,116.435765,39.8592,8
D089135,116.37952,39.84738,0
D089136,116.435765,39.8592,8
D089143,116.497672,39.900639,7
D089160,116.646599,39.888032,14
D101165,116.295461,39.914807,1
D103464,116.766266,40.33697,14
D103518,116.48489,39.919006,7
D103558,116.560168,39.903643,2
D106307,116.141485,39.726298,3
D107779,116.297364,39.842167,9
D144114,116.468496,39.8605,7
D144135,116.71722,40.040449,14
D144212,116.437797,39.885502,8
D144213,116.452909,39.897245,7
D144214,116.419328,39.924635,8
D144216,116.455108,39.899152,7
D144219,116.584748,39.928484,2
D145134,116.429829,40.038468,4
D146557,116.35583,39.947283,11
D146560,116.253382,39.928891,5
D147026,116.287149,39.858426,1
D147055,116.513209,39.932903,13
D147056,116.464659,39.889303,7
D147820,116.513878,39.931042,13
D150225,116.275519,39.889096,1
D150228,116.359414,39.8498,9
D150247,116.81343,40.193342,14
D150248,116.386686,39.977022,12
D152215,115.984844,39.705594,3
D152220,116.34961,39.840709,9
D152241,116.424999,39.999936,4
D153226,116.495787,40.042179,13
D161908,116.94565,40.149479,14
D161911,116.395456,39.870611,0
D162906,116.401431,40.002083,12
D169585,116.39278,39.882215,0
D170374,116.47306,39.884828,7
D170402,116.463414,40.016452,4
D170403,116.290228,39.814511,9
D171687,116.163332,40.06688,10
D171692,116.330911,39.733273,9
D171693,116.362587,39.916504,11
D172852,116.447452,39.97144,4
D172856,116.370286,40.006543,12
D172867,116.141892,39.725635,3
D173909,115.98657,39.692702,3
D173917,116.205004,39.813347,3
D184193,116.456934,39.991563,4
D184198,116.402435,39.969623,12
D184204,116.413603,39.911818,8
D184214,116.336513,39.978524,6
D184509,116.382078,39.903728,0
D184512,116.464598,39.865339,7
D184517,116.415905,39.860617,0
D198509,116.499208,39.928403,13
D200974,116.356459,40.030246,12
D200992,116.451482,39.918905,8
D200994,116.436098,39.855548,8
D200998,116.320043,39.967269,6
D201045,116.438791,39.923905,8
D201051,116.279,39.905962,1
D201058,116.633949,40.315446,14
D201076,116.24685,40.03702,10
D201107,116.446506,39.881565,8
D201120,116.430778,39.88607,8
D201139,116.453141,39.931584,8
D201217,116.405645,40.002941,12
D201220,116.330682,40.031224,6
D201225,116.323606,39.620618,9
D201259,116.441157,39.918182,8
D201367,116.271804,40.014196,10
D201369,116.6133,39.926943,2
D201461,116.206882,39.980518,5
D201470,116.424671,39.995063,4
D201511,116.487543,39.979743,13
D201557,116.458983,39.906295,7
D201580,116.264493,40.228707,10
D201654,116.268697,39.924573,1
D201674,116.438598,40.071857,4
D201728,116.463824,40.013027,4
D201759,116.457958,39.899426,7
D201821,116.448694,39.963755,4
D201826,116.506054,39.936629,13
D201849,116.544813,39.898869,2
D201859,116.286134,39.957329,1
D201880,116.236222,40.216182,10
D201930,116.345095,40.083328,6
D201941,116.347745,39.905188,9
D201942,116.471011,39.92886,7
D201957,116.434907,39.893302,8
D201959,116.208302,40.22103,10
D201974,116.347037,39.7257,9
D201999,116.436642,39.937934,8
D202055,116.410793,40.07287,4
D202176,116.307195,39.850275,9
D202224,116.2944,40.105829,10
D202256,116.421485,39.936878,8
D202281,116.367924,40.077536,12
D202321,116.345627,39.960222,6
D202358,116.254713,39.904042,5
D202448,116.206882,39.980518,5
D202460,116.35046,40.072235,6
D202471,116.422244,39.883694,8
D202472,116.351092,39.968292,11
D202571,116.269931,39.865959,1
D202642,116.368029,39.937832,11
D202695,116.372393,39.875753,0
D202738,116.333933,39.987906,6
D202752,116.427742,39.854379,8
D202878,116.244655,40.185594,10
D203176,116.497758,40.101687,13
D203460,116.635689,40.13078,14
D203588,116.221363,40.226003,10
D262260,116.601144,39.948573,2
D264440,116.358651,39.88347,0
D267300,116.542297,39.965495,2
D267450,116.654898,40.210376,14
D274737,116.23454,39.845346,3
D274743,116.332563,39.746042,9
D274756,116.338529,40.031142,6
D274759,116.658523,39.903011,14
D274761,116.436572,39.971424,4
D274768,116.239155,40.212262,10
D276716,116.562815,39.918028,2
D276731,116.463824,40.013027,13
D276740,116.463824,40.013027,4
D276741,116.320883,39.905492,1
D276744,116.463824,40.013027,4
D276745,116.463824,40.013027,13
D276747,116.429549,39.858914,8
D276754,116.431123,39.980951,4
D276759,116.500544,39.866323,7
D278268,116.377811,39.791757,9
D278272,116.757285,40.090974,14
D278275,116.55994,39.903638,2
D278277,116.469364,39.978792,13
D279536,116.375115,39.893386,0
D280077,116.700204,39.853782,14
D280879,116.515853,39.923439,13
D282021,116.38104,39.955061,12
D282025,115.975041,40.461879,10
D282030,116.16635,39.768355,3
D282032,116.411674,39.912665,0
D282035,116.473999,39.983089,13
D282038,116.443064,40.054497,4
D282117,116.174109,39.771938,3
D303562,116.26417,39.888531,5
D303606,116.466173,40.118924,4
D303610,116.323363,39.626373,9
D337541,116.366202,39.939669,11
D337550,116.146972,39.749277,3
D337551,116.291453,39.877237,1
D337552,116.206882,39.980518,5
D337553,116.251205,40.223184,10
D337582,116.671015,39.88291,14
D337586,116.475795,39.827972,7
D337590,116.402185,39.957009,12
D337591,116.403424,39.946671,12
D337595,116.288492,40.150399,10
D337597,116.040179,40.199825,3
D337599,116.324928,40.035214,6
D337601,116.344708,39.915942,11
D337615,116.466836,39.828767,7
D337616,116.239795,40.219381,10
D337669,116.359987,40.037808,12
D337685,116.126482,39.729968,3
D337695,116.358037,40.067429,12
D337698,116.685876,39.87265,14
D337739,116.467346,39.989519,13
D340324,116.270951,39.871377,1
D344120,116.383235,39.984303,12
D344137,116.556165,40.087501,2
D346226,116.557384,39.951823,2
D346228,116.433961,39.84856,8
D346230,116.412304,40.060771,4
D347589,116.414585,40.04063,4
D348437,116.323221,39.786995,9
D348439,116.449299,39.893345,8
D348440,116.403733,39.951372,12
D350017,116.367271,39.85524,0
D354942,116.464055,40.03609,4
D354945,116.338375,39.835251,9
D354949,116.224116,39.928021,5
D354950,116.528374,40.013617,13
D354953,116.288694,39.909777,1
D354956,116.415983,39.983519,4
D354965,116.398216,39.897374,0
D355120,116.173443,39.923037,3
D355122,116.432311,40.069788,4
D355130,116.404268,39.96225,12
D355132,116.550124,39.946124,2
D355573,116.408012,39.942299,12
D355712,116.379093,39.960354,12
D356393,116.342647,40.015118,6
D356874,116.433224,39.898797,8
D356880,116.481912,39.800164,7
D356886,116.856611,40.392011,14
D357001,116.257938,39.934195,5
D357956,116.264148,39.892546,5
DM0011246,116.562612,39.84882,2
DM0011247,116.440701,39.923024,8
DM0012039,116.438789,39.86811,8
DM0470231,116.404268,39.96225,12
DM0470232,116.067906,39.657736,3
DM0470249,116.476796,39.995739,13
DM0470252,116.488353,39.997774,13
DM0470257,116.454793,39.996815,4
DM0470259,116.318037,39.984991,6
DM0497340,116.092419,39.936216,3
DM0510952,116.319517,39.686145,9
DM0578058,116.450342,39.826858,7
W219971,116.324562,39.966475,6
W229045,116.364967,39.972724,12
W704278,116.35671,39.962745,11
W704684,116.31835,40.02987,6
W705488,116.376629,39.981946,12
W705494,116.527421,40.009518,13
W705495,116.232393,40.219954,10
W705500,116.270204,40.023613,10
W705503,116.560699,40.007571,2
W705519,116.399758,40.177806,4
W705535,116.11372,39.928339,3
W705536,116.329809,39.773973,9
W705537,116.304641,39.840445,9
W705557,116.650878,40.117944,14
W705566,116.25412,40.210465,10
W705585,116.299045,40.144343,10
W705605,116.402161,39.716849,0
C700540,116.481912,39.800164,7
C700545,116.357376,39.856791,9
D017385,116.502387,39.932714,13
D017453,116.505188,39.971761,13
D017474,116.222982,39.90661,5
D017488,116.096151,39.941979,3
D017502,116.385498,39.965705,12
D017521,116.509212,40.023631,13
D017523,116.499551,39.922728,13
D017548,116.505188,39.971761,13
D017571,116.283573,39.911752,1
D036266,116.408856,39.967501,12
D036284,116.405554,39.860758,0
D036457,116.206882,39.980518,5
D036492,116.37286,39.93181,11
D036496,116.206882,39.980518,5
D036559,116.37185,39.92967,11
D036561,116.206882,39.980518,5
D036579,116.301802,39.978585,1
D036581,116.414639,39.918479,8
D036582,116.365399,39.868562,0
D036593,116.466986,39.871514,7
D036595,116.480862,39.915803,7
D036623,116.33157,39.882082,9
D036655,116.363793,39.889991,0
D036691,116.335195,39.775401,9
D036698,116.498464,39.790868,7
D036727,116.420687,39.955333,4
D037360,116.951501,40.147639,14
D037445,116.697286,39.987291,14
D037638,116.291143,39.958716,1
D037644,116.367551,39.941209,11
D037646,116.366202,39.939669,11
D037689,116.638489,40.129698,14
D037720,116.352049,39.888312,9
D037752,116.206882,39.980518,5
D037753,116.206882,39.980518,5
D037756,116.206882,39.980518,5
D037859,116.376895,39.803963,0
D037874,116.395636,39.954611,12
D037883,116.37463,39.912051,0
D037916,116.206882,39.980518,5
D037919,116.407704,39.95516,12
D037920,116.434666,39.986846,4
D038508,116.419509,39.857601,8
D040882,116.367217,39.940838,11
D040902,116.206882,39.980518,5
D040913,116.289317,39.958726,1
D040933,116.367551,39.941209,11
D040936,116.100749,39.934497,3
D040951,116.099487,39.944487,3
D040956,116.147411,40.230226,10
D041009,116.343289,39.957777,6
D041018,116.476877,39.868918,7
D041019,116.367551,39.941209,11
D041031,116.560489,40.01976,2
D041040,116.365511,39.952588,11
D041043,116.206882,39.980518,5
D041044,116.206882,39.980518,5
D041058,116.142831,40.137466,10
D041059,116.274261,39.960411,1
D041068,116.238215,40.230056,10
D041083,116.422055,40.02671,4
D041094,116.367551,39.941209,11
D041108,116.367551,39.941209,11
D041110,116.206882,39.980518,5
D041112,116.367551,39.941209,11
D041122,116.418886,39.949063,8
D041123,116.403641,39.85398,0
D041143,116.416956,39.942256,8
D041149,116.363808,39.923992,11
D041155,116.411015,39.914152,0
D041172,116.253219,39.892054,5
D041173,116.828438,40.37378,14
D041188,116.383254,39.997629,12
D041211,116.723823,39.944933,14
D041227,116.206882,39.980518,5
D041235,116.206882,39.980518,5
D041239,116.206882,39.980518,5
D041256,116.206882,39.980518,5
D041270,116.206882,39.980518,5
D041286,116.206882,39.980518,5
D041288,116.206882,39.980518,5
D041292,116.25358,40.116238,10
D041298,116.168132,39.935453,3
D046957,116.206882,39.980518,5
D046965,116.118067,40.105607,3
D046982,116.427939,40.041779,4
D046998,115.715395,39.570854,3
D047065,116.381269,39.904059,0
D047068,116.381269,39.904059,0
D047071,116.381269,39.904059,0
D047094,116.467554,39.871642,7
D047120,116.715266,39.882347,14
D047165,116.654561,40.130346,14
D047167,116.154752,39.748515,3
D049628,116.36547,39.969813,12
D049675,116.233852,40.218559,10
D070227,116.206882,39.980518,5
D070250,116.418172,39.897922,8
D070252,116.415783,39.909663,8
D070273,116.367551,39.941209,11
D070287,116.58426,39.919798,2
D070364,116.346032,40.034061,6
D070370,116.406954,40.004845,12
D070376,116.328477,40.061504,6
D070410,116.444505,39.804954,7
D070436,116.449918,39.940186,8
D070441,116.322578,39.889315,9
D070466,116.408961,39.864433,0
D070521,116.347152,39.891966,9
D070535,116.683399,39.888337,14
D070560,116.358636,39.937533,11
D070583,116.406818,39.838057,0
D070592,116.332369,39.992111,6
D070603,116.217519,39.899905,3
D070607,116.463634,39.860504,7
D070637,116.652967,39.921426,14
D070648,116.42496,39.866049,8
D070684,116.226811,40.219418,10
D070709,116.64184,39.891874,2
D071180,116.10798,39.935751,3
D071196,116.369426,40.036322,12
D071283,116.421534,39.783154,0
D071334,116.388087,39.886467,0
D071381,116.42964,40.07695,4
D075558,116.284582,39.956792,1
D075650,116.701298,40.099751,14
D075667,116.486455,39.970012,13
D075703,116.707709,40.041423,14
D075755,116.338836,39.944024,6
D081954,116.419252,39.895863,8
D084369,116.140342,39.722909,3
D084384,116.464281,39.889011,7
D084385,116.442234,39.895666,8
D084401,116.663279,39.877686,14
D084402,116.300778,39.833499,9
D084403,116.365356,39.837367,9
D084404,116.302237,39.901741,1
D084407,116.313587,39.881893,1
D084411,116.264438,39.916663,5
D087161,116.342463,39.966641,6
D087162,116.474443,39.894073,7
D089077,116.131383,40.236287,10
D089080,116.831515,40.377934,14
D089086,116.469337,39.922377,7
D089093,116.558569,40.187101,13
D089126,116.44744,39.875782,8
D089137,116.472433,39.87969,7
D089139,116.465213,39.929123,7
D089140,116.405322,39.941014,12
D089144,116.522791,39.843552,2
D089168,116.438789,39.86811,8
D089169,116.373819,39.882189,0
D089179,116.274261,39.960411,1
D089185,116.433467,39.845461,8
D089186,116.644705,39.891577,14
D089189,116.353587,39.903572,11
D100036,116.484489,39.915143,7
D103340,115.983212,39.709775,3
D103352,116.153839,39.640348,3
D103453,116.832633,40.156749,14
D103504,116.331223,40.078307,10
D103507,116.249185,40.21271,10
D103516,116.481156,39.927863,13
D103544,116.668877,39.906588,14
D105072,116.324522,39.928301,1
D106997,116.475043,39.893829,7
D144168,116.262282,40.052044,10
D144171,116.3897,39.890101,0
D144204,116.433226,39.898889,8
D144238,116.341226,39.883521,9
D145689,116.500006,40.062743,13
D146558,116.396276,39.895864,0
D147050,116.393619,39.97522,12
D147054,116.439892,40.068256,4
D147057,116.455655,39.881825,7
D147823,116.597263,39.834802,2
D147856,116.444615,39.859509,8
D147872,116.415781,39.899131,8
D152229,116.480361,39.978931,13
D152230,116.500126,39.964696,13
D152238,116.431985,39.985442,4
D152243,116.233014,40.223777,10
D152774,116.560168,39.903643,2
D153228,116.458861,39.996702,4
D161910,116.486701,39.984919,13
D161915,116.347826,39.877731,9
D161916,116.37286,39.93181,11
D162908,116.449114,39.922649,8
D169586,116.442292,39.885557,8
D170179,116.367182,39.929291,11
D170383,116.436516,39.812896,8
D170388,116.665802,39.886688,14
D170389,116.690999,39.890701,14
D170391,116.681452,39.893573,14
D171583,116.587341,39.919675,2
D171678,116.282757,39.999192,10
D171703,116.33701,39.887164,9
D172849,116.328305,39.893049,9
D172853,116.288415,40.097012,10
D172870,116.363679,39.886262,0
D172873,116.408362,40.008052,12
D173891,116.329989,39.964534,6
D173896,116.701781,39.85353,14
D173901,116.50299,39.977732,13
D174743,116.286134,39.957329,1
D174807,116.347856,40.024549,6
D175783,116.462658,39.896785,7
D175790,116.329441,39.942575,6
D180891,116.227251,40.222792,10
D184199,116.48724,39.960318,13
D184213,116.271054,39.953705,1
D184505,116.351052,39.919869,11
D184506,116.34222,39.966464,6
D198526,116.55567,40.010081,2
D200896,116.511074,39.764143,2
D201121,116.418407,39.862005,8
D201133,116.288891,39.779164,9
D201248,116.469764,39.991915,13
D201270,116.396276,39.895864,0
D201307,116.433741,39.983904,4
D201354,116.33489,40.034096,6
D201365,116.436675,40.029514,4
D201387,116.31092,39.935774,1
D201403,116.502439,39.920883,13
D201456,116.243227,40.048655,10
D201457,116.418305,39.869921,8
D201468,116.47156,39.900318,7
D201485,116.438387,39.959828,4
D201510,116.341157,40.084065,10
D201564,116.505993,39.934884,13
D201624,116.294974,40.030715,10
D201679,116.226021,40.199665,10
D201694,116.292713,39.835077,9
D201701,116.450393,39.966732,4
D201717,116.507818,39.957818,13
D201731,117.100302,40.134084,14
D201762,116.322681,39.89779,1
D201819,116.50848,39.910766,13
D201892,115.980863,39.702639,3
D202016,116.296537,39.833542,9
D202053,116.310882,39.903536,1
D202149,116.396276,39.895864,0
D202152,116.316688,40.057338,10
D202205,116.534479,39.962354,2
D202240,116.503555,39.803792,7
D202313,115.985269,39.687477,3
D202359,116.313089,39.981402,6
D202427,115.993215,39.697625,3
D202459,116.298481,39.968189,1
D202543,116.269236,39.677331,3
D202574,116.355941,40.063327,12
D202743,116.558569,40.187101,13
D202766,116.432984,40.03935,4
D202835,116.582004,39.930061,2
D202865,116.550264,40.087547,2
D202918,116.420975,39.996557,4
D202936,116.499444,39.959464,13
D202958,116.370557,40.033885,12
D202973,116.445393,39.869947,8
D203294,116.413646,40.052102,4
D203427,116.324583,39.902931,1
D203569,116.506095,40.008663,13
D203823,116.507648,39.801376,2
D224682,116.52888,40.009631,13
D224690,116.284051,39.88993,1
D262253,116.095057,39.939632,3
D262254,116.436572,39.971424,4
D262261,116.373489,39.93507,11
D262263,116.39189,39.865461,0
D262264,116.361158,39.957748,11
D264443,116.327582,39.84878,9
D267114,116.422244,39.883694,8
D267142,116.422244,39.883694,8
D267284,116.47126,39.911389,7
D267342,116.57905,40.063636,2
D267462,116.64296,40.134361,14
D267613,116.632194,40.318821,14
D273769,116.473167,39.867577,7
D274731,116.433226,39.898889,8
D274732,116.377811,39.791757,9
D274736,116.403528,39.962321,12
D274738,116.466485,39.995196,13
D274740,116.584494,39.914089,2
D274741,116.287561,39.95441,1
D274742,116.451513,39.948156,8
D274747,116.528077,40.023598,13
D274748,116.49389,39.923652,13
D274750,116.651495,40.127739,14
D274754,116.414074,40.07075,4
D274757,116.347449,39.944513,11
D274758,116.597029,39.926074,2
D274760,116.436011,39.971288,4
D274765,116.452433,39.916387,8
D274767,116.444736,39.934856,8
D274769,116.309991,40.066173,10
D276733,116.417404,39.993788,4
D276738,116.469655,39.892535,7
D278266,116.377811,39.791757,9
D278267,116.324583,39.902931,1
D278270,116.377811,39.791757,9
D280076,116.67314,39.889051,14
D280078,116.556689,39.753529,2
D280083,116.370986,39.835757,0
D280084,116.381264,40.00867,12
D282029,116.542209,40.063236,13
D282115,116.463928,40.020927,4
D303589,116.605357,39.916816,2
D303596,116.472306,39.88412,7
D303598,116.25338,40.296926,10
D303617,116.654561,40.130346,14
D303623,116.325437,39.899749,1
D303633,116.557871,39.920135,2
D337565,116.255112,39.905855,5
D337567,116.385875,39.857376,0
D337577,116.51257,39.916581,13
D337592,116.624111,39.905437,2
D337600,116.192322,39.914942,3
D337611,116.659593,39.906814,14
D337613,116.136664,39.733243,3
D337623,116.32429,40.202638,10
D337672,116.424903,39.924664,8
D337673,116.426664,40.037269,4
D337681,116.277427,39.957132,1
D337687,116.266766,40.222182,10
D337694,116.12519,39.727333,3
D337699,116.472673,39.914492,7
D340328,115.993511,40.464938,10
D340350,116.52074,40.125085,13
D340354,116.083569,39.721912,3
D340360,116.306255,39.923671,1
D344090,116.417409,40.074712,4
D344098,116.31371,40.04995,10
D344111,116.417267,39.817716,0
D344139,116.32531,39.969718,6
D344205,116.369031,40.003424,12
D344211,116.52714,40.011084,13
D346189,116.164966,39.929957,3
D346210,116.318279,40.075304,10
D346218,116.408355,39.855093,0
D348441,116.334383,39.995077,6
D348442,116.49264,39.90045,7
D348445,116.334383,39.995077,6
D348447,116.334383,39.995077,6
D354944,116.410299,40.058429,4
D354946,116.328362,40.070001,10
D354951,116.352025,39.736707,9
D354967,116.20811,39.991358,5
D354974,116.418166,39.786604,0
D354975,116.343011,39.737859,9
D355045,116.306691,39.891333,1
D355125,116.344653,39.92426,11
D355129,116.33744,39.949521,6
D355766,116.321822,39.973246,6
D356035,116.410074,39.913601,0
D356795,116.61927,40.129306,14
D356871,116.160057,39.930834,3
D356875,116.377811,39.791757,9
D356883,116.111774,39.932409,3
D356893,116.344653,39.92426,11
D356999,116.400994,39.933301,12
D357287,116.392893,39.940783,12
D357667,116.338889,39.79272,9
D359053,116.610718,39.923649,2
DM0011176,116.455215,39.96742,4
DM0012254,116.32025,39.686588,9
DM0148680,116.534403,39.96509,2
DM0278710,116.534408,39.964103,2
DM0342418,116.348282,39.872267,9
DM0387865,116.317793,39.974104,6
DM0391357,116.22685,39.905888,5
DM0440421,116.295243,39.832409,9
DM0470242,116.465214,39.892645,7
DM0470247,116.382202,39.883451,0
DM0501593,116.40559,39.958281,12
DM0501604,116.305492,39.866131,1
DM0530917,116.31428,39.752833,9
DM0578060,116.463824,40.013027,13
DM0584909,116.196306,39.915414,3
DM0585563,116.324486,39.90296,1
DM0586129,116.252172,39.976226,10
W219987,116.306445,39.967287,1
W704277,116.287149,39.858426,1
W704306,116.688248,39.931244,14
W704683,116.234214,40.225232,10
W705490,116.289984,39.841077,1
W705501,116.206336,39.896271,3
W705505,116.372777,39.839818,0
W705506,116.38864,39.879421,0
W705523,116.298851,40.154032,10
W705538,116.230793,40.210746,10
W705539,116.367513,40.075027,12
W705543,116.444794,40.117708,4
W705565,116.302861,40.074505,10
W705579,116.176002,39.820594,3
W705604,116.44174,39.955352,4
C700700,116.356568,39.993711,12
D017371,116.478433,39.923301,7
D017424,116.604475,39.898726,2
D017519,116.33756,39.753607,9
D017531,116.473055,39.926974,7
D017559,116.513735,39.868098,2
D017570,116.356775,39.983169,12
D017573,116.367676,39.888672,0
D017591,116.466817,39.931424,7
D017592,116.469089,39.995737,13
D017607,116.595083,39.909721,2
D017649,116.367086,39.909644,0
D017658,116.324934,39.73629,9
D017661,116.361318,39.868197,0
D017662,116.417007,39.981527,4
D036246,116.699707,40.13287,14
D036252,116.638489,40.129698,14
D036273,116.678356,39.903404,14
D036285,116.280257,39.953039,1
D036289,116.440657,39.950388,8
D036465,116.302393,39.993558,6
D036467,116.365914,39.932168,11
D036483,116.39189,39.865461,0
D036512,116.367551,39.941209,11
D036519,116.535871,39.939522,2
D036522,116.37286,39.93181,11
D036538,116.37286,39.93181,11
D036562,116.352949,40.004667,12
D036565,116.430284,39.940646,8
D036567,116.343518,40.0595,6
D036568,116.305583,39.981536,1
D036580,116.31764,40.034163,6
D036583,116.451416,39.960934,4
D036619,116.336149,39.897891,9
D036642,115.964171,39.722174,3
D036657,116.631816,40.311953,14
D036692,116.206882,39.980518,5
D036717,116.401576,39.973292,12
D036729,116.472448,39.873661,7
D037423,116.656344,39.899798,14
D037441,116.65653,40.133617,14
D037640,116.366202,39.939669,11
D037648,116.314608,39.974542,6
D037661,116.366202,39.939669,11
D037668,116.309736,39.922435,1
D037672,116.417397,39.932056,8
D037679,116.381269,39.904059,0
D037695,116.410797,39.917286,0
D037744,116.206882,39.980518,5
D037745,116.367551,39.941209,11
D037746,116.206882,39.980518,5
D037747,116.381799,39.962562,12
D037748,116.39189,39.865461,0
D037779,116.365687,39.834761,9
D037862,116.402844,39.925537,0
D037876,116.426621,39.925112,8
D037913,116.420008,39.941118,8
D037914,116.367551,39.941209,11
D040925,116.367551,39.941209,11
D040953,116.414312,40.066454,4
D040969,116.420845,40.06277,4
D040974,116.436999,40.069804,4
D041017,116.367579,39.914309,0
D041077,116.206882,39.980518,5
D041096,116.535871,39.939522,2
D041103,116.206882,39.980518,5
D041113,116.374242,39.913319,0
D041119,116.415051,39.846053,0
D041120,116.399072,39.951355,12
D041153,116.206882,39.980518,5
D041185,116.417561,39.927478,8
D041210,116.280257,39.953039,1
D041212,116.439492,40.087568,4
D041284,116.39189,39.865461,0
D041289,116.367551,39.941209,11
D041291,116.206882,39.980518,5
D041296,116.427622,39.905992,8
D041312,116.206882,39.980518,5
D046932,116.68107,39.865632,14
D046950,116.367551,39.941209,11
D046953,116.367551,39.941209,11
D046975,116.055574,39.734295,3
D046983,116.466659,39.996869,13
D046988,116.206882,39.980518,5
D047039,116.64483,39.885384,2
D047082,116.414926,39.839349,0
D047085,116.385894,39.889229,0
D047086,116.451079,39.909075,8
D047087,116.495031,39.799652,7
D047095,116.333228,39.927223,6
D047109,116.51492,39.910672,13
D047121,116.71722,40.040449,14
D047169,116.206882,39.980518,5
D049638,116.656956,39.894227,14
D070228,116.206882,39.980518,5
D070229,116.206882,39.980518,5
D070230,116.206882,39.980518,5
D070256,116.420827,39.875427,8
D070272,116.650999,40.129349,14
D070286,116.410143,39.899451,0
D070379,116.289212,39.782652,9
D070412,116.301208,39.942678,1
D070432,116.31633,39.885615,1
D070447,116.32019,39.767735,9
D070496,116.627953,39.98935,14
D070498,116.354898,39.922753,11
D070499,116.385197,39.884114,0
D070534,116.393731,39.946309,12
D070538,116.312168,39.9288,1
D070561,116.344694,39.937185,11
D070599,116.660563,40.21332,14
D070602,116.320726,39.886295,9
D070629,116.376959,39.840003,0
D070633,116.358092,39.979285,12
D070673,116.496368,39.916258,13
D071231,116.379917,39.980154,12
D071233,116.282829,39.786077,3
D071294,116.123222,40.127352,3
D071297,116.287718,39.837482,1
D071310,116.565576,40.0622,2
D071400,116.31867,39.84789,9
D072256,116.503937,39.92337,13
D075575,116.494264,39.853493,7
D075723,116.666313,39.882937,14
D075730,116.473364,40.007412,13
D081922,116.869705,40.386207,14
D081946,116.273573,39.900998,1
D084387,116.239842,40.223576,10
D084388,116.391475,40.176871,10
D084391,116.6828,39.896374,14
D089103,116.141127,39.724331,3
D089120,116.431687,40.069459,4
D089153,116.363557,39.883542,0
D089162,116.4218,39.896979,8
D100031,116.463477,40.001468,13
D103377,116.143384,39.927729,3
D103398,116.285583,39.781843,9
D103401,116.35069,39.845676,9
D103497,116.637833,40.325644,14
D103559,116.402214,39.8911,0
D106305,116.14487,39.732464,3
D106764,116.371664,39.954098,12
D106766,116.462427,40.008984,4
D106995,116.337047,39.990507,6
D144133,116.576546,39.896957,2
D144148,116.40337,40.046977,12
D144177,116.280862,39.958042,1
D144208,116.424392,39.89922,8
D144229,116.343107,39.893381,9
D144236,116.290636,39.844251,1
D145136,116.43617,40.037083,4
D145137,116.415479,40.030245,4
D145143,116.497891,39.851249,7
D145683,116.587413,39.924731,2
D146556,116.33935,39.964569,6
D146562,116.25434,39.921594,5
D146569,116.324189,39.92432,1
D147027,116.267597,39.889777,1
D147037,116.425991,39.920874,8
D147040,116.443102,39.904506,8
D147044,116.499837,39.873105,7
D147046,116.461563,39.862608,7
D147053,116.416417,40.074611,4
D147815,116.530691,39.937135,2
D147818,116.587265,39.931311,2
D147847,116.234143,40.209859,10
D147849,116.410037,39.858756,0
D147865,116.681185,39.864355,14
D147870,116.488347,39.91891,13
D150216,116.309132,39.850596,9
D152228,116.478148,39.998926,13
D152236,116.433226,39.898889,8
D152242,116.430536,39.995305,4
D162907,116.422244,39.883694,8
D162921,116.370389,39.83721,0
D169584,116.267626,39.852209,3
D170182,116.560168,39.903643,2
D170387,116.647861,39.873193,14
D171677,116.441183,39.857238,8
D171681,116.366202,39.939669,11
D171682,116.482321,39.986537,13
D171690,116.369095,40.016142,12
D171702,116.180478,39.804061,3
D172689,116.490793,39.801282,7
D172862,116.354834,40.009199,12
D172865,116.308931,39.848278,9
D174799,116.49545,39.961838,13
D174800,116.468296,40.010679,13
D184195,116.41905,40.046787,4
D184196,116.696906,40.105852,14
D184203,116.472289,39.900164,7
D184206,116.521634,39.913886,2
D184504,116.339011,39.92855,11
D184513,116.449759,39.891161,8
D184823,116.547295,40.066907,2
D198527,116.57293,39.923613,2
D200803,116.424671,39.995063,4
D200865,116.247831,40.037025,10
D200913,116.357226,40.03774,12
D200989,116.37908,39.960421,12
D201038,116.593923,40.212066,14
D201061,116.473678,39.884937,7
D201067,116.474992,39.842259,7
D201142,116.463824,40.013027,4
D201253,116.581962,39.84727,2
D201254,116.366202,39.939669,11
D201290,116.439366,39.849482,8
D201364,116.630443,39.972792,14
D201371,116.343154,39.885643,9
D201412,116.257029,39.947452,5
D201462,116.49825,39.791431,7
D201522,116.254301,40.041189,10
D201664,116.603708,39.996749,2
D201711,116.440962,39.905839,8
D201824,116.41772,39.964559,4
D201830,116.463824,40.013027,13
D201865,116.343794,39.735199,9
D202014,116.310455,39.855782,9
D202079,116.295257,39.973063,1
D202219,116.574875,40.065732,2
D202334,116.708681,40.055578,14
D202335,116.65167,40.14023,14
D202390,116.243702,40.220492,10
D202503,116.49225,39.97175,13
D202745,116.431847,39.926646,8
D202775,116.591087,39.893978,2
D202859,116.301599,39.926989,1
D203067,116.231078,39.890884,3
D203082,116.341191,39.866472,9
D203402,116.387041,39.848344,0
D203421,116.146693,40.137689,10
D203595,116.285069,40.033642,10
D262255,116.278532,39.928906,1
D264441,116.482393,39.923193,7
D267074,116.032089,39.57703,3
D267274,116.382698,39.967741,12
D267317,116.373986,39.902471,0
D267331,116.419343,39.985918,4
D267406,116.950344,40.151084,14
D267413,116.857834,40.231969,14
D267521,116.788006,40.098598,14
D267607,116.387377,39.840948,0
D267654,116.371025,39.961592,12
D273754,116.085926,39.94581,3
D273768,116.34812,39.731747,9
D274734,116.431583,39.809885,8
D274735,116.473597,39.930874,13
D274739,116.353568,40.000423,12
D274746,116.630976,40.12919,14
D276732,116.413451,39.925049,8
D276735,116.463824,40.013027,13
D276737,116.516859,39.92918,13
D276742,116.450623,39.927361,8
D276746,116.463824,40.013027,13
D276757,116.471759,39.909368,7
D276758,116.334383,39.995077,6
D278273,116.551541,39.975313,2
D278282,116.325599,39.789392,9
D280081,116.425632,39.935935,8
D280082,116.501443,39.805081,7
D282023,116.396276,39.895864,0
D282024,117.111402,40.156253,14
D282031,116.136331,39.725012,3
D282033,116.110028,39.911046,3
D282039,116.616356,39.925351,2
D282114,116.138203,40.10538,10
D282118,116.367551,39.941209,11
D282121,116.463824,40.013027,4
D303565,116.14678,40.137683,10
D303581,116.229525,40.229292,10
D303622,116.433039,40.051426,4
D303627,116.161973,39.756233,3
D303634,116.410299,40.058429,4
D303635,116.336327,39.749854,9
D337540,116.280991,39.871029,1
D337543,116.300798,40.15317,10
D337555,116.408305,39.972427,12
D337558,116.666085,39.653164,2
D337572,116.501624,40.009251,13
D337573,116.330648,39.766194,9
D337581,116.241217,40.213191,10
D337584,116.42876,39.851763,8
D337605,116.488173,39.893753,7
D337607,116.337937,39.895477,9
D337612,116.37382,40.001441,12
D337621,116.220237,40.222164,10
D337666,116.432246,39.968363,4
D337674,116.340559,39.792123,9
D337688,116.377811,39.791757,9
D337689,116.377811,39.791757,9
D337697,116.435044,39.993425,4
D337727,116.366202,39.939669,11
D337738,116.467346,39.989519,13
D337740,116.335446,40.0755,10
D340335,116.276606,39.931682,1
D340348,116.136081,39.730223,3
D344030,116.244011,39.656043,3
D344068,116.430946,39.840435,8
D344096,116.39514,39.851026,0
D344100,116.283624,39.820812,9
D344115,116.317788,39.901126,1
D344149,116.292975,39.92147,1
D344153,116.291545,39.996891,10
D344160,116.42205,39.863997,8
D344164,116.655473,40.113597,14
D346212,116.143267,39.749145,3
D348436,116.315464,39.966399,6
D348443,116.436155,39.861736,8
D348446,116.389551,39.840195,0
D354941,116.31433,39.746572,9
D354943,116.320306,39.880034,9
D354947,116.369649,39.988468,12
D354948,116.581116,39.998842,2
D354955,116.271411,39.929303,1
D354958,116.185249,39.913263,3
D354961,116.445382,40.032145,4
D354963,116.325815,39.75737,9
D355059,116.294415,39.854213,1
D355121,116.502974,39.962875,13
D355126,116.282926,39.916685,1
D355131,116.404268,39.96225,12
D355968,116.431099,39.924177,8
D356143,116.66646,39.877789,14
D356797,116.415465,39.985866,4
D356873,116.303759,39.833175,9
D356998,116.210788,39.753108,3
D357002,116.310325,40.02957,10
D357666,116.476967,39.873315,7
D357669,116.307357,39.791988,9
D359054,116.359636,39.846201,9
D359055,116.238767,39.897651,5
DM0011252,116.446772,39.965206,4
DM0012255,116.2133,39.763236,3
DM0470236,116.404268,39.96225,12
DM0470237,116.558333,39.731714,2
DM0470250,116.478054,39.990141,13
DM0470253,116.471401,39.979198,13
DM0470255,116.562309,39.78751,2
DM0578057,116.160064,39.930851,3
DM0578059,116.318591,39.972078,6
DM0578061,116.324486,39.90296,1
DM0584908,116.238692,39.903738,5
H014078,116.228194,39.89937,5
W219992,116.538362,39.859406,2
W704274,116.415116,40.057229,4
W704276,116.446388,39.967486,4
W704398,116.360737,40.081147,12
W705486,116.30875,40.052239,10
W705489,116.268404,40.02013,10
W705502,116.542489,40.035469,2
W705509,116.59926,39.928599,2
W705542,116.233541,39.955542,5
W705549,116.240468,40.210582,10
W705553,116.252456,40.208056,10
W705571,116.657611,39.910579,14
W705590,116.215155,39.758741,3
W705601,115.961755,39.616562,3
W705602,116.333642,39.753663,9
W708763,116.332954,39.756799,9
D036527,116.496271,39.930188,13
DM0593740,116.398176,39.974235,12
D202119,116.212001,40.122438,10
DM0476020,116.379164,39.864096,0
DM0583308,116.43462,39.88408,8
DM0538582,116.322479,39.897678,1
D041317,116.206882,39.980518,5
D171688,116.206882,39.980518,5
D037886,116.423714,39.957256,4
DM0470245,116.524605,39.916462,2
D144146,116.665105,40.130631,14
DM0555882,116.396276,39.895864,0
DM0583310,116.43462,39.88408,8
DM0011984,116.4686,39.893687,7
DM0551191,116.317793,39.974104,6
DM0556855,116.579594,39.957678,2
D105044,116.370931,39.846454,0
DM0355737,116.610573,39.891188,2
D103323,116.563983,40.337988,13
DM0581517,116.424671,39.995063,4
DM0538436,116.602322,39.890828,2
DM0511073,116.835341,40.35573,14
DM0483970,116.431212,40.000781,4
DM0269293,116.37286,39.93181,11
DM0590700,116.485655,39.998749,13
DM0355741,116.610573,39.891188,2
D200919,116.239234,40.210751,10
DM0462126,116.252422,39.923314,5
DM0583312,116.43462,39.88408,8
DM0583311,116.43462,39.88408,8
D036255,116.305877,39.908297,1
DM0389433,116.317009,39.985908,6
DM0398804,116.37621,39.985371,12
DM0556844,116.437082,39.954799,4
D041318,116.206882,39.980518,5
D171680,116.449782,39.909585,8
D089159,116.654859,39.87596,14
DM0583309,116.43462,39.88408,8
DM0583307,116.43462,39.88408,8
D202912,116.19908,40.147222,10
D278293,116.24685,40.03702,10
D172847,116.396276,39.895864,0
D201948,116.301086,40.001602,10
DM0583313,116.475784,39.86113,7
DM0583334,116.43462,39.88408,8
DM0388796,116.299822,39.891369,1
D201556,116.342744,39.913757,9
DM0520480,116.270251,39.960643,10
D278294,116.37493,39.843255,0
D263839,116.224844,39.906456,5
DM0011900,116.24685,40.03702,10
D201459,116.201265,39.829317,3
DM0508879,116.286134,39.957329,1
D041242,116.206882,39.980518,5
DM0390483,116.26626,40.135417,10
DM0356867,116.295243,39.832409,9
D147043,116.506674,39.838905,2
DM0484404,116.404268,39.96225,12
DM0484405,116.319424,39.681134,9
DM0484406,117.010527,40.059264,14
DM0356865,116.424832,39.99647,4
DM0484409,116.404268,39.96225,12
DM0484407,116.137728,39.745165,3
DM0484408,116.404268,39.96225,12
DM0484410,116.323165,39.763784,9
DM0011902,116.24685,40.03702,10
D100034,116.35051,40.035929,6
DM0389116,116.404268,39.96225,12
D087159,116.475043,39.893829,7
D337617,116.31088,39.99281,6
D172860,116.366236,39.854574,0
DM0012141,116.404268,39.96225,12
DM0398840,116.404268,39.96225,12
DM0485280,116.196306,39.915414,3
DM0356876,116.318591,39.972078,6
D201474,116.36881,39.83291,0
DM0356864,116.564956,39.918618,2
DM0461884,116.286911,39.827188,9
DM0440344,116.48274,39.884519,7
DM0440350,116.318591,39.972078,6
DM0440356,116.318591,39.972078,6
DM0356878,116.318591,39.972078,6
DM0012125,116.404268,39.96225,12
DM0011278,116.348189,40.028424,6
DM0398839,116.608694,40.113507,14
D036570,116.367551,39.941209,11
D041323,116.206882,39.980518,5
D278292,116.315558,40.035616,6
DM0356873,116.318591,39.972078,6
DM0012153,116.092378,39.716163,3
D046964,116.206882,39.980518,5
D147051,116.636599,40.30949,14
D040905,116.34349,39.957781,6
D274762,116.51333,39.86213,2
D041070,116.367551,39.941209,11
DM0440427,116.318591,39.972078,6
DM0440428,116.654791,40.125925,14
DM0460097,116.498336,39.809399,7
DM0440444,116.318591,39.972078,6
D036514,116.215342,40.096794,10
D040880,116.283808,39.907847,1
D264188,116.424671,39.995063,4
DM0012116,116.254301,39.859792,3
DM0440494,116.318591,39.972078,6
D276729,116.467149,39.95695,13
D201126,116.755982,39.838102,14
DM0440527,116.335624,40.075469,10
DM0476016,116.404268,39.96225,12
DM0476017,116.254754,39.859186,3
DM0356868,116.198409,39.923204,3
DM0447936,116.424671,39.995063,4
DM0447937,116.424671,39.995063,4
DM0447941,116.331535,39.966777,6
D337729,116.366202,39.939669,11
DM0447948,116.318599,40.016925,6
DM0447952,116.367551,39.941209,11
DM0447953,116.367551,39.941209,11
DM0447956,116.396276,39.895864,0
D356946,115.991556,39.650228,3
DM0449559,116.401209,39.951652,12
DM0450858,116.367551,39.941209,11
DM0466695,116.371664,39.954098,12
DM0498498,116.367551,39.941209,11
DM0497674,116.308221,40.066797,10
DM0497675,116.397713,39.855793,0
DM0497339,116.418771,40.033079,4
DM0441789,116.318591,39.972078,6
DM0356866,116.37932,39.937718,12
DM0441815,116.318591,39.972078,6
DM0441816,116.318591,39.972078,6
DM0447964,116.486604,39.898909,7
DM0447965,116.317793,39.974104,6
DM0447966,116.521437,39.82063,2
DM0447967,116.317793,39.974104,6
DM0447961,116.550375,39.912158,2
DM0447962,116.317793,39.974104,6
DM0447963,116.317793,39.974104,6
DM0447973,116.317793,39.974104,6
DM0447974,116.317793,39.974104,6
DM0447975,116.317793,39.974104,6
DM0447976,116.317793,39.974104,6
DM0447968,116.317793,39.974104,6
DM0447969,116.424671,39.995063,4
DM0447970,116.317793,39.974104,6
DM0447971,116.317793,39.974104,6
DM0447972,116.317793,39.974104,6
D200947,116.539196,40.09933,13